Hostname;IP
host-01;127.0.0.1
host-02;127.0.0.1
host-03;127.0.0.1
host-04;127.0.0.1
host-05;127.0.0.1
host-06;127.0.0.1
host-07;127.0.0.1
host-08;127.0.0.1
host-09;127.0.0.1
host-10;127.0.0.1
host-11;127.0.0.1
host-12;127.0.0.1
host-13;127.0.0.1
host-14;127.0.0.1
host-15;127.0.0.1
host-16;127.0.0.1
host-17;127.0.0.1
host-18;127.0.0.1
host-19;127.0.0.1
host-20;127.0.0.1
host-21;127.0.0.1
host-22;127.0.0.1
host-23;127.0.0.1
host-24;127.0.0.1
host-25;127.0.0.1
host-26;127.0.0.1
host-27;127.0.0.1
host-28;127.0.0.1
host-29;127.0.0.1
host-30;127.0.0.1
host-31;127.0.0.1
host-32;127.0.0.1
host-33;127.0.0.1
host-34;127.0.0.1
host-35;127.0.0.1
host-36;127.0.0.1
host-37;127.0.0.1
host-38;127.0.0.1
host-39;127.0.0.1
host-40;127.0.0.1
host-41;127.0.0.1
host-42;127.0.0.1
host-43;127.0.0.1
host-44;127.0.0.1
host-45;127.0.0.1
host-46;127.0.0.1
host-47;127.0.0.1
host-48;127.0.0.1
host-49;127.0.0.1
host-50;127.0.0.1
host-51;127.0.0.1
host-52;127.0.0.1
host-53;127.0.0.1
host-54;127.0.0.1
host-55;127.0.0.1
host-56;127.0.0.1
host-57;127.0.0.1
host-58;127.0.0.1
host-59;127.0.0.1
host-60;127.0.0.1
host-61;127.0.0.1
host-62;127.0.0.1
host-63;127.0.0.1
host-64;127.0.0.1
host-65;127.0.0.1
host-66;127.0.0.1
host-67;127.0.0.1
host-68;127.0.0.1
host-69;127.0.0.1
host-70;127.0.0.1
host-71;127.0.0.1
host-72;127.0.0.1
host-73;127.0.0.1
host-74;127.0.0.1
host-75;127.0.0.1
host-76;127.0.0.1
host-77;127.0.0.1
host-78;127.0.0.1
host-79;127.0.0.1
host-80;127.0.0.1
host-81;127.0.0.1
host-82;127.0.0.1
host-83;127.0.0.1
host-84;127.0.0.1
host-85;127.0.0.1
host-86;127.0.0.1
host-87;127.0.0.1
host-88;127.0.0.1
host-89;127.0.0.1
host-90;127.0.0.1
host-91;127.0.0.1
host-92;127.0.0.1
host-93;127.0.0.1
host-94;127.0.0.1
host-95;127.0.0.1
host-96;127.0.0.1
host-97;127.0.0.1
host-98;127.0.0.1
host-99;127.0.0.1
host-100;127.0.0.1
host-101;127.0.0.1
host-102;127.0.0.1
host-103;127.0.0.1
host-104;127.0.0.1
host-105;127.0.0.1
host-106;127.0.0.1
host-107;127.0.0.1
host-108;127.0.0.1
host-109;127.0.0.1
host-110;127.0.0.1
host-111;127.0.0.1
host-112;127.0.0.1
host-113;127.0.0.1
host-114;127.0.0.1
host-115;127.0.0.1
host-116;127.0.0.1
host-117;127.0.0.1
host-118;127.0.0.1
host-119;127.0.0.1
host-120;127.0.0.1
host-121;127.0.0.1
host-122;127.0.0.1
host-123;127.0.0.1
host-124;127.0.0.1
host-125;127.0.0.1
host-126;127.0.0.1
host-127;127.0.0.1
host-128;127.0.0.1
host-129;127.0.0.1
host-130;127.0.0.1
host-131;127.0.0.1
host-132;127.0.0.1
host-133;127.0.0.1
host-134;127.0.0.1
host-135;127.0.0.1
host-136;127.0.0.1
host-137;127.0.0.1
host-138;127.0.0.1
host-139;127.0.0.1
host-140;127.0.0.1
host-141;127.0.0.1
host-142;127.0.0.1
host-143;127.0.0.1
host-144;127.0.0.1
host-145;127.0.0.1
host-146;127.0.0.1
host-147;127.0.0.1
host-148;127.0.0.1
host-149;127.0.0.1
host-150;127.0.0.1
host-151;127.0.0.1
host-152;127.0.0.1
host-153;127.0.0.1
host-154;127.0.0.1
host-155;127.0.0.1
host-156;127.0.0.1
host-157;127.0.0.1
host-158;127.0.0.1
host-159;127.0.0.1
host-160;127.0.0.1
host-161;127.0.0.1
host-162;127.0.0.1
host-163;127.0.0.1
host-164;127.0.0.1
host-165;127.0.0.1
host-166;127.0.0.1
host-167;127.0.0.1
host-168;127.0.0.1
host-169;127.0.0.1
host-170;127.0.0.1
host-171;127.0.0.1
host-172;127.0.0.1
host-173;127.0.0.1
host-174;127.0.0.1
host-175;127.0.0.1
host-176;127.0.0.1
host-177;127.0.0.1
host-178;127.0.0.1
host-179;127.0.0.1
host-180;127.0.0.1
host-181;127.0.0.1
host-182;127.0.0.1
host-183;127.0.0.1
host-184;127.0.0.1
